title;color;size;material;dimensions;unit;gender
Chaqueta Running Salomon Mont Baron Ws Hombre Azul L;Azul;L;unk;unk;unk;Hombre
Chaqueta Salomon Skynline Wp Hombre Verde L;Verde;L;unk;unk;unk;Hombre
Mochila trail running Salomon S-Lab Sense Ultra 5 Set Blanco XL Blanco;Blanco;XL;unk;unk;unk;Hombre
Pantalones Salomon S-Lab Short 4 M Hombre Negro Negro S;Negro;S;unk;unk;unk;Hombre
Riñonera trail running Salomon Agile 250 Set Azul Celeste Azul celeste;Azul;unk;unk;unk;unk;Hombre
Riñonera trail running Salomon Pulse Azul Hawaiian Azul L;Azul;L;unk;unk;unk;Hombre
Pantalones Salomon Trail Runner Twinskin Hombre Negro XS;Negro;XS;unk;unk;unk;Hombre
Camiseta running Salomon Agile LS Hombre Negro Negro M;Negro;M;unk;unk;unk;Hombre
Camiseta Salomon Agile LS Hombre Azul Medieval Azul S;Azul;S;unk;unk;unk;Hombre
Chaqueta Salomon Bonatti Race Wp Hombre Gris XL Gris;Gris;XL;unk;unk;unk;Hombre
Chaqueta Salomon Bonatti Race Wp Hombre Gris S Gris;Gris;S;unk;unk;unk;Hombre
Bolsa deporte Salomon Prolog 40 Negro Negro;Negro;unk;unk;unk;unk;Hombre
Chaqueta Soft Shell Trekking TrangoWorld Apire Hombre Naranja M;Naranja;M;unk;unk;unk;Hombre
Pantalones Trangoworld Fit Mujer Amarillo M;Amarillo;M;unk;unk;unk;Hombre
Chaqueta Trangoworld Dgtw Fi Hombre Azul M;Azul;M;unk;unk;unk;Hombre
Pantalones Trangoworld Dobu Fi Hombre Rojo Rojo XL;Rojo;XL;unk;unk;unk;Hombre
Pantalones Trangoworld Dobu Fi Hombre Cuerda Elástica Marrón S;Marrón;S;unk;unk;unk;Hombre
CHAQUETA TRX2 LOFT WM PRO TRANGO Negro Negro XL;Negro;XL;unk;unk;unk;Hombre
Pantalones TrangoWorld Kasu FI Hombre Gris S Gris;Gris;S;unk;unk;unk;Hombre
Zapatillas Merrell Moab 2 GoreTex Hombre Navy 41 Navy;Navy;41;unk;unk;unk;Hombre
Zapatillas Merrell Outmost Vent GoreTex Hombre Roca 42 Roca;unk;42;unk;unk;unk;Hombre
Zapatillas La Sportiva Ultra Raptor Hombre Negro Negro 42;Negro;42;unk;unk;unk;Hombre
Zapatillas La Sportiva Akyra Hombre Azul Oceano Azul 41.5;Azul;41.5;unk;unk;unk;Hombre
Chaqueta trail running La Sportiva Hail Hombre Amarillo Amarillo S;Amarillo;S;unk;unk;unk;Hombre
Camiseta La Sportiva Velocity Tank Hombre Amarillo S;Amarillo;S;unk;unk;unk;Hombre
Camiseta La Sportiva Blitz Hombre Azul Azul S;Azul;S;unk;unk;unk;Hombre
BOTAS CHIRUCA CARES 05 GORE-TEX GRIS 47 Gris;Gris;47;GoreTex;unk;unk;Unisex
BOTAS CHIRUCA GREDOS SUPRA 05 GORE-TEX GRIS 37 Gris;Gris;37;GoreTex;unk;unk;Unisex
BOTAS CHIRUCA ETRUSCA 02 GORE-TEX Marrón Marrón 45;Marrón;45;GoreTex;unk;unk;Unisex
BOTAS CHIRUCA CARES 52 GORE-TEX Marrón 42 Marrón;Marrón;42;GoreTex;unk;unk;Unisex
BOTAS CHIRUCA CARES 52 GORE-TEX Marrón Marrón 44;Marrón;44;GoreTex;unk;unk;Unisex
BOTAS CHIRUCA GREDOS SUPRA 05 GORE-TEX GRIS 42 Gris;Gris;42;GoreTex;unk;unk;Unisex
BOTAS CHIRUCA GREDOS SUPRA 05 GORE-TEX GRIS 47 Gris;Gris;47;GoreTex;unk;unk;Unisex
ZAPATILLAS CHIRUCA DETROIT 05 GORE-TEX Negro Negro 39;Negro;39;GoreTex;unk;unk;Unisex
BOTAS CHIRUCA GALICIA 02 GORE-TEX Marrón 43 Marrón;Marrón;43;GoreTex;unk;unk;Unisex
Mallas piratas Sontress ACC-1425 Mujer Negro S;Negro;S;unk;unk;unk;Mujer
Mallas piratas Sontress ACC-1425 Mujer Negro L;Negro;L;unk;unk;unk;Mujer
Mallas Sontress BB1460 Mujer Negro XS;Negro;XS;unk;unk;unk;Mujer
Mallas Sontress BB1460 Mujer Negro L;Negro;L;unk;unk;unk;Mujer
Mallas Sontress AUREA1568 Mujer Negro M;Negro;M;unk;unk;unk;Mujer
BOTAS CHIRUCA CLETA 02 Marrón 39 Marrón;Marrón;39;unk;unk;unk;Unisex
Mallas Sontress AUREA1569 Mujer Negro M;Negro;M;unk;unk;unk;Mujer
Mallas Sontress 1517 Mujer Negro Negro XL;Negro;XL;unk;unk;unk;Mujer
Mallas Sontress 1609 Mujer Negro Negro L;Negro;L;unk;unk;unk;Mujer
Mallas Sontress 1517 Mujer Negro Negro XS;Negro;XS;unk;unk;unk;Mujer
Mallas Sontress MP1590 Mujer Negro M;Negro;M;unk;unk;unk;Mujer
Zapatillas Boreal SALSA AZUL Azul 46;Azul;46;unk;unk;unk;Unisex
Zapatillas Boreal SALSA AZUL Azul 46.5;Azul;46.5;unk;unk;unk;Unisex
Sudadera The North Face Drew Peak Hombre Gris Negro S Gris y Negro;Gris/negro;S;unk;unk;unk;Hombre
Sudadera The North Face Drew Peak Hombre Gris Negro L Gris y Negro;Gris/negro;L;unk;unk;unk;Hombre
Sudadera The North Face Drew Peak Hombre Gris Negro XL Gris y Negro;Gris/negro;XL;unk;unk;unk;Hombre
Sandalias Trekking Regatta Terrarock Mujer 40 Gris/Rosa;Gris/rosa;40;unk;unk;unk;Mujer
Chaqueta Salomon Fast Wing III jacket Mujer XL Morado;Morado;XL;unk;unk;unk;Mujer
Pantalones Esquí de travesía Salomon Active Soft Shell Mujer M Blanco;Blanco;M;unk;unk;unk;Mujer
Chaqueta Salomon DrifterLoft Hoodie Hombre M Azul/Azul;Azul;M;unk;unk;unk;Hombre
Chaqueta trail running Salomon Bonatti Wp Hombre Azul Gris XL Azul/Gris;Gris/azul;XL;unk;unk;unk;Hombre
Pantalones Salomon S-Lab Short 6 M Hombre Azul Azul M;Azul;M;unk;unk;unk;Hombre
Camiseta running Salomon Agile SS Tee Mujer Azul Medieval L Azul oscuro;Azul;L;unk;unk;unk;Mujer
Camiseta térmica Trango World Lace Hombre M Blanco;Blanco;M;unk;unk;unk;Hombre
Pantalones Trangoworld Prote Fi Hombre Gris Amarillo S Gris/Amarillo;amarillo/gris;S;unk;unk;unk;Hombre
Pantalones Trangoworld Greska Mujer Gris Niebla L Gris;Gris;L;unk;unk;unk;Mujer
Sudadera Trangoworld Oby Niños Verde Azul 16 Verde/Azul;Verde/azul;16;unk;unk;unk;Unisex
Botas Merrell Outmost Mid Vent GTX Hombre Boulder 41 marrón;Marrón;41;unk;unk;unk;Hombre
Botas Merrell Outmost Mid Vent GTX Hombre Boulder 43 marrón;Marrón;43;unk;unk;unk;Hombre
Zapatillas La Sportiva Akasha Mujer Negro Morado 37 Negro/Morado;Negro/Morado;37;unk;unk;unk;Mujer
Zapatillas La Sportiva Wild Cat Mujer Gris Rojo 36 Gris/Rojo;Gris/Rojo;36;unk;unk;unk;Mujer
Zapatillas La Sportiva Wild Cat Mujer Gris Rojo 36.5 Gris/Rojo;Gris/Rojo;36.5;unk;unk;unk;Mujer
Zapatillas La Sportiva Akyra Hombre Naranja Negro 41 Naranja/Negro;Naranja/Negro;41;unk;unk;unk;Hombre
BOTAS CHIRUCA MASSANA 05 GORE-TEX ASFALTO-ROJO 41 Asfalto;Rojo;41;unk;unk;unk;Unisex
ZAPATILLAS CHIRUCA PANTERA GTX 03 GORE-TEX GRIS-AZUL 37 Gris/Azul;Gris/azul;37;unk;unk;unk;Unisex
BOTAS CHIRUCA CARES 52 GORE-TEX marrón 40 marrón;Marrón;40;unk;unk;unk;Unisex
BOTAS CHIRUCA GREDOS SUPRA 05 GORE-TEX GRIS 37 Gris;Gris;37;unk;unk;unk;Unisex
BOTAS CHIRUCA DYNAMIC 52 GORE-TEX marrón 39 marrón;Marrón;39;unk;unk;unk;Unisex
BOTAS CHIRUCA DYNAMIC 52 GORE-TEX marrón 43 marrón;Marrón;43;unk;unk;unk;Unisex
BOTAS CHIRUCA CALIBRE 22 GORE-TEX marrón 40 marrón;Marrón;40;unk;unk;unk;Unisex
BOTAS CHIRUCA CALIBRE 22 GORE-TEX marrón 42 marrón;Marrón;42;unk;unk;unk;Unisex
BOTAS CHIRUCA CARES 52 GORE-TEX marrón 39 marrón;Marrón;39;unk;unk;unk;Unisex
BOTAS CHIRUCA CARES 52 GORE-TEX marrón 42 marrón;Marrón;42;unk;unk;unk;Unisex
BOTAS CHIRUCA DYNAMIC 05 GORE-TEX GRIS/ROJO 37 Gris/Rojo;Gris/Rojo;37;unk;unk;unk;Unisex
BOTAS CHIRUCA DYNAMIC 05 GORE-TEX GRIS/ROJO 39 Gris/Rojo;Gris/Rojo;39;unk;unk;unk;Unisex
BOTAS CHIRUCA CARES 05 GORE-TEX GRIS 46 Gris;Gris;46;unk;unk;unk;Unisex
Zapatillas La Sportiva Kaptiva GoreTex Hombre Negro Amarillo 43.5 Negro/Amarillo;Amarillo/negro;43.5;unk;unk;unk;Hombre
Zapatillas La Sportiva Kaptiva GoreTex Hombre Negro Amarillo 44.5 Negro/Amarillo;Amarillo/negro;44.5;unk;unk;unk;Hombre
Zapatillas La Sportiva Akyra GoreTex Hombre Neptuno Amapola 41.5 Azul/Rojo;Azul/rojo;41.5;unk;unk;unk;Hombre
Zapatillas Boreal BAMBA W'S OLIVA 40 Verde oliva;Verde;40;unk;unk;unk;Unisex
Zapatillas Boreal BAMBA W'S OLIVA 41.5 Verde oliva;Verde;41.5;unk;unk;unk;Unisex
Botas Boreal BAMBA MID MARINO 40 Azul Marino;azul marino;40;unk;unk;unk;Unisex
Botas Boreal BAMBA MID MARINO 40 3/4 Azul Marino;azul marino;40;unk;unk;unk;Unisex
Botas Boreal BAMBA MID MARINO 41.5 Azul Marino;azul marino;41.5;unk;unk;unk;Unisex
Zapatillas Boreal GLOVE ANTRACITA 42 Antracita;Antracita;42;unk;unk;unk;Unisex
Zapatillas Boreal GLOVE ANTRACITA 42.5 Antracita;Antracita;42.5;unk;unk;unk;Unisex
Zapatillas Boreal DROM GRIS 40 2/3 Gris;Gris;40;unk;unk;unk;Unisex
Zapatillas Boreal DROM GRIS 41.5 Gris;Gris;41.5;unk;unk;unk;Unisex
Zapatillas Boreal FUTURA ANTRACITA 44.5 Antracita;Antracita;44.5;unk;unk;unk;Unisex
Zapatillas Boreal FUTURA WS GRIS 42 Gris;Gris;42;unk;unk;unk;Unisex
Botas Boreal STRIDER 42 marrón;Marrón;42;unk;unk;unk;Unisex
Botas Boreal KLAMATH WMN'S MALVA 37.5 Morado;Morado;37.5;unk;unk;unk;Unisex
Botas Boreal KLAMATH WMN'S MALVA 38 Morado;Morado;38;unk;unk;unk;Unisex
Botas Boreal SIANA MORADO 37 Morado;Morado;37;unk;unk;unk;Unisex
Botas Boreal STRIDER 42.5 marrón;Marrón;42.5;unk;unk;unk;Unisex
Botas Boreal ZANSKAR FULL GRAIN 42.5 marrón;Marrón;42.5;unk;unk;unk;Unisex
Zapatillas trekking SALEWA Ms Wildfire Vent Hombre marrón 43 marrón;Marrón;43;unk;unk;unk;Hombre
Camiseta Térmica HG Sport 8070 Mujer XL Blanco;Blanco;XL;unk;unk;unk;Mujer
Calcetines Compressport Winter Trail Unisex Gris T1 Gris/Amarillo;amarillo/gris;T1;unk;unk;unk;Unisex
Calcetines Compressport Winter Trail Unisex Gris T4 Gris/Amarillo;amarillo/gris;T4;unk;unk;unk;Unisex
Zapatillas Saucony Excursion TR12 Mujer Azul Negro 37.5 Azul/Negro;Azul/negro;37.5;unk;unk;unk;Mujer
Zapatillas Saucony Excursion TR12 Hombre Negro Azul 41 Negro/Azul;Azul/negro;41;unk;unk;unk;Hombre
Zapatillas Saucony Azura Hombre Blanco 41 Blanco;Blanco;41;unk;unk;unk;Hombre
Zapatillas Saucony Jazz Trail Original Hombre Púrpura 43 Púrpura;Púrpura;43;unk;unk;unk;Hombre
Zapatillas Saucony Jazz Trail Original Hombre Púrpura 42.5 Púrpura;Púrpura;42.5;unk;unk;unk;Hombre
Chaqueta Haglöfs Heron Hombre Pizarra L Pizarra;Negro;L;unk;unk;unk;Hombre
Chaqueta Haglöfs Heron Hombre Pizarra S Pizarra;Negro;S;unk;unk;unk;Hombre
Pantalones Breezy Coromell Hombre Gris Azul S Gris/Azul;Gris/azul;S;unk;unk;unk;Hombre
Pantalones Breezy Coromell Hombre Gris Azul M Gris/Azul;Gris/azul;M;unk;unk;unk;Hombre
Pantalones Ternua Natib Hombre Plata Profunda M Plata;Plata;M;unk;unk;unk;Hombre
Chaqueta de pluma Campagnolo 3Z22577 Fix Hood Hombre Teja 52 Teja;Rojo;52;unk;unk;unk;Hombre
Chaqueta de Senderismo Ternua Zixon Therm Hombre Burdeos XL Burdeos;Burdeos;XL;unk;unk;unk;Hombre
Zapatillas New Balance WL574 Mujer Coral 40 Coral;Coral;40;unk;unk;unk;Mujer
Chaqueta de plumas Ternua Kaplan Hombre S Negro/Azul;Azul/negro;S;unk;unk;unk;Hombre
BOTAS CHIRUCA BERREA FORCE Hi Vis 18 GORE-TEX marrón/NARANJA 40 marrón;Marrón/Naranja;40;unk;unk;unk;Unisex
BOTAS CHIRUCA BERREA FORCE Hi Vis 18 GORE-TEX marrón/NARANJA 41 marrón;Marrón/naranja;41;unk;unk;unk;Unisex
BOTAS CHIRUCA BERREA FORCE Hi Vis 18 GORE-TEX marrón/NARANJA 43 marrón;Marrón/naranja;43;unk;unk;unk;Unisex
BOTAS CHIRUCA GREDOS SUPRA 42 GORE-TEX marrón 43 marrón;Marrón;43;unk;unk;unk;Unisex
BOTAS CHIRUCA DYNAMIC 05 GORE-TEX GRIS-ROJO 46 Gris/Rojo;Gris/Rojo;46;unk;unk;unk;Unisex
Zapatillas Hi-Tec Ravus Adventure Low Wp Hombre marrón 43 marrón;Marrón;43;unk;unk;unk;Hombre
Botas Chiruca Trofeo 01 GoreTex Pointer Hombre 42 Kaki;Kaki;42;unk;unk;unk;Hombre
Chaqueta Mac In A Sac Mias Origin Rojo Lava M Lava;rojo lava;M;unk;unk;unk;Unisex
Pantalones Chiruca Silvano Pro 11 Hombre M Kaki;Kaki;M;unk;unk;unk;Hombre
Profine Cat Derma 10 Kg Comida para Gatos;unk;10;unk;unk;kg;unk
Dibaq Natural Moments Dietetic 15 Kg Comida para Perros;unk;15;unk;unk;kg;unk
¡5% DTO 1er Pedido! Profine Adult Salmon 15 Kg Comida para Perros;unk;15;unk;unk;kg;unk
Lenda Original Adult Light 7,5 Kg Comida para Perros;unk;7.5;unk;unk;kg;unk
Farm Nature Plus 4 Tastes Day To Day 17 Kg Comida para Perros;unk;17;unk;unk;kg;unk
Lenda Original Adult Maxi Pollo 15 Kg Comida para Perros;unk;15;unk;unk;kg;unk
Arquivet Dog Adult Mini 10 Kg Comida para Perros;unk;10;unk;unk;kg;unk
Menú Dieta Barf De Pato 18 Bolsas X 500 Gr Comida para Perros;unk;500;unk;unk;gr;unk
Natural Greatness Sensitive Indoor Senior 6 Kg Comida para Gatos;unk;6;unk;unk;kg;unk
Lenda Original Puppy 3 Kg Comida para Perros;unk;3;unk;unk;kg;unk
Arquivet Dog Adult Lamb & Rice 15 Kg Comida para Perros;unk;15;unk;unk;kg;unk
Arquivet Dog Sensitive Salmon & Potato 15 Kg Comida para Perros;unk;15;unk;unk;kg;unk
Farm Nature Adult Gato Pollo Con Manzana Y Calabaza 2 Kg Comida para Gatos;unk;2;unk;unk;kg;unk
¡5% DTO 1er Pedido! Ownat Ultra Medium Adult 14 Kg Comida para Perros;unk;14;unk;unk;kg;unk
Lenda Gato Pollo Y Salmón 2 Kg Comida para Gatos;unk;2;unk;unk;kg;unk
Natural Greatness Receta Puppy-starter Pollo 2 Kg Comida para Perros;unk;2;unk;unk;kg;unk
Lenda Nature Grain Free Atún 3 Kg Comida para Perros;unk;3;unk;unk;kg;unk
Natural Greatness Receta Pavo 2 Kg Comida para Perros;unk;2;unk;unk;kg;unk
Natural Greatness Field & River Gatos Adultos 6 Kg Comida para Gatos;unk;6;unk;unk;kg;unk
Lenda Original Adult Salmón 3 Kg Comida para Perros;unk;3;unk;unk;kg;unk
¡5% DTO 1er Pedido! Ownat Prime Gf Junior Chicken & Turkey 14 Kg Comida para Perros;unk;14;unk;unk;kg;unk
¡5% DTO 1er Pedido! Ownat Classic Duck 15 Kg Comida para Perros;unk;15;unk;unk;kg;unk
Dingo Puppy & Junior 15 Kg Comida para Perros;unk;15;unk;unk;kg;unk
Natura Diet Wild Instinct Grain Free Baby 12 Kg Comida para Perros;unk;12;unk;unk;kg;unk
Camas Mascotas Siesta - 85 Cm Rojo Mariquitas para perros o gatos;unk;85;unk;unk;cm;unk
BOTAS CHIRUCA BERREA Hi Vis 08 GORE-TEX marrón/NARANJA 41 marrón;Marrón/naranja;41;unk;unk;unk;Unisex
Dibaq Natural Moments Grain Free Turkey 12 Kg Comida para Perros;unk;12;unk;unk;unk;unk
Zapatillas Salomon Outline GoreTex Hombre Blazer Azul Marino 44 2/3 Navy;azul marino;44;unk;unk;unk;Hombre
Dingo Lamb & Daily 15 Kg Comida para Perros;unk;15;unk;unk;kg;unk
Sudadera The North Face Drew Peak Hombre Gris Negro M Gris/Negro;Gris/negro;M;unk;unk;unk;Hombre
Tiempo De Profesionales Cordero Y Arroz 3 Kg Comida para Perros;unk;3;unk;unk;kg;unk
Tiempo De Profesionales Senior Light 20 Kg Comida para Perros;unk;20;unk;unk;kg;unk
Arquivet Dog Adult Chicken & Rice 12 Kg Comida para Perros;unk;12;unk;unk;kg;unk
NIKE - MIL M NK SWGMN SHORT HOME 18 XL WHITE/FIR/FLAT OPAL/FIR;WHITE;M;unk;unk;unk;Unisex
NIKE - MIL M NK SWGMN SHORT HOME 18 S WHITE/FIR/FLAT OPAL/FIR;WHITE;S;unk;unk;unk;Unisex
NIKE - JUNIOR B NK SHORT ACCELER8 S BRIGHT CRIMSON/BLACK/BLACK/BLA;CRIMSON/BLACK;S;unk;unk;unk;Unisex
NIKE - JUNIOR B NK SHORT ACCELER8 M BRIGHT CRIMSON/BLACK/BLACK/BLA;CRIMSON/BLACK;M;unk;unk;unk;Unisex
NIKE - JUNIOR B NK SHORT ACCELER8 XL BRIGHT CRIMSON/BLACK/BLACK/BLA;CRIMSON/BLACK;XL;unk;unk;unk;Unisex
NBA JUNIOR - JUNIOR LAKER NIKE LEBRON JAMES S SIN COLOR;unk;S;unk;unk;unk;Unisex
NIKE - GSW M NK SWGMN SHORT ROAD 18 L RUSH BLUE/WHITE/AMARILLO/WHITE;BLUE/WHITE/AMARILLO;M;unk;unk;unk;Unisex
NIKE - GSW M NK SWGMN SHORT ROAD 18 XL RUSH BLUE/WHITE/AMARILLO/WHITE;BLUE/WHITE/AMARILL;M;unk;unk;unk;Unisex
NIKE - BOS M NK SWGMN SHORT ROAD 18 S CLOVER/WHITE/WHITE;WHITE;S;unk;unk;unk;Unisex
NIKE - BOS M NK SWGMN SHORT ROAD 18 XL CLOVER/WHITE/WHITE;WHITE;M;unk;unk;unk;Unisex
NIKE - UTA M NK SWGMN SHORT ROAD 18 S COLLEGE NAVY/SUNDIAL/WHITE;NAVY/SUNDIAL/WHITE;S;unk;unk;unk;Unisex
NIKE - NYK M NK SWGMN SHORT ROAD 18 M RUSH BLUE/BRILLIANT ORANGE/WHIT;Blue/orange;M;unk;unk;unk;Unisex
NBA JUNIOR - JUNIOR KNICKS  NIKE ICON SWINGMAN PORZINGIS S SIN COLOR;unk;S;unk;unk;unk;Unisex
NBA JUNIOR - JUNIOR ROCKETS DRY TEE ES LOGO L SIN COLOR;unk;L;unk;unk;unk;Unisex
NBA JUNIOR - JUNIOR LAKERS DRY TEE ES LOGO L SIN COLOR;unk;L;unk;unk;unk;Unisex
NBA JUNIOR - JUNIOR CELTICS HOODIE PO LOGO ESSENTIAL S SIN COLOR;unk;S;unk;unk;unk;Unisex
NBA JUNIOR - JUNIOR SPOTLIGHT HOODIE ROCKETS S SIN COLOR;unk;S;unk;unk;unk;Unisex
UNDER ARMOUR - BASELINE KNEE TIGHT L BLACK;BLACK;L;unk;unk;unk;Unisex
UNDER ARMOUR - BASELINE KNEE TIGHT XL BLACK;BLACK;XL;unk;unk;unk;Unisex
UNDER ARMOUR - BASELINE KNEE TIGHT XL WHITE;WHITE;XL;unk;unk;unk;Unisex
NIKE - JUMBO JUMPMAN TOP XS WOLF GREY/DARK GREY;GREY;XS;unk;unk;unk;Unisex
NIKE - JORDAN MIDST OF GREATNESS TEE XL GYM RED/BLACK;RED/BLACK;XL;unk;unk;unk;Unisex
NIKE - AJ 13 UNLUCKY TEE S Black;Black;S;unk;unk;unk;Unisex
NIKE - AJ 13 UNLUCKY TEE XL Black;Black;XL;unk;unk;unk;Unisex
NIKE - S+ LEBRON LAKE TEE M HASTA/PHANTOM/HASTA;unk;M;unk;unk;unk;Unisex
NIKE - S+ LEBRON LAKE TEE S HASTA/PHANTOM/HASTA;unk;S;unk;unk;unk;Unisex
NIKE - WINGS PHOTO TEE S TROPICAL TEAL/WHITE;TEAL/WHITE;S;unk;unk;unk;Unisex
NIKE - JORDAN DYNAMIC TEE M White/Black;White/Black;M;unk;unk;unk;Unisex
NIKE - JORDAN DYNAMIC TEE S GROVE GREEN/WHITE;GREEN/WHITE;S;unk;unk;unk;Unisex
NIKE - AJ XI SONIC TEE XS LEGEND BLUE/WHITE;BLUE/WHITE;XS;unk;unk;unk;Unisex
NIKE - JORDAN  88 PHOTO DRI FIT TEE S GYM RED/BLACK;RED/BLACK;S;unk;unk;unk;Unisex
NIKE - AJ I NUMBERS GAME TEE S White/Black;White/Black;S;unk;unk;unk;Unisex
NIKE - AIR JORDAN STENCIL TEE XS TURQUOISE BLUE/INFRARED 23;TURQUOISE/INFRARED;XS;unk;unk;unk;Unisex
NIKE - AJ 12 FLEECE PO HOODIE XL DARK GREY/GYM RED;GREY/RED;XL;unk;unk;unk;Unisex
NIKE - THE VARSITY CREW L Black/Anthracite/White;Black/Anthracite/White;L;unk;unk;unk;Unisex
NIKE - 23 LUX SHORT L Black/Black;Black;L;unk;unk;unk;Unisex
NIKE - JORDAN SOLID SHORT S TEAM ORANGE/ATOMIC ORANGE;ORANGE;S;unk;unk;unk;Unisex
OTAS CHIRUCA MASSANA 05 GORE-TEX ASFALTO/ROJO 34 Asfalto;Rojo;34;unk;unk;unk;Unisex
apatillas Boreal FUTURA WS GRIS 37.5 Gris;Gris;37.5;unk;unk;unk;Unisex
NIKE - ULT FLIGHT PANT L Black/Black;Black;L;unk;unk;unk;Unisex
NIKE - ULT FLIGHT PANT M Black/Black;Black;M;unk;unk;unk;Unisex
NIKE - ULT FLIGHT PANT XL Black/Black;Black;XL;unk;unk;unk;Unisex
MACDAVID - ESTABILIZADOR DE TOBILLO CON CINCHA XS SIN COLOR;unk;XS;unk;unk;unk;Unisex
MACDAVID - ESTABILIZADOR DE TOBILLO CON CINCHA S SIN COLOR;unk;S;unk;unk;unk;Unisex
NIKE - LAL M TOP BB FAN S DK GREY HEATHER/BLACK/FIELD PU;Black;S;unk;unk;unk;Unisex
NIKE - LAL M TOP BB FAN M DK GREY HEATHER/BLACK/FIELD PU;Black;M;unk;unk;unk;Unisex
NIKE - NIKE PRO FIERCE BRA XL Black/Black/Volt;Black;XL;unk;unk;unk;Unisex
UNDER ARMOUR - UA RUSH 3/4 LEGGING L SIN COLOR;unk;L;unk;unk;unk;Unisex
MITCHELL & NES - CAMISETA LEYENDA MARK JACKSON 13 - INDIANA S SIN COLOR;unk;S;unk;unk;unk;Unisex
MITCHELL & NES - CAMISETA LEYENDA MARK JACKSON 13 - INDIANA L SIN COLOR;unk;L;unk;unk;unk;Unisex
MITCHELL & NES - CAMISETA LEYENDA GARY PAYTON 20 - SONICS XS SIN COLOR;unk;XS;unk;unk;unk;Unisex
MITCHELL & NES - CAMISETA LEYENDA TIM HARDAWAY 10 - WARRIORS L SIN COLOR;unk;L;unk;unk;unk;Unisex
MITCHELL & NES - CAMISETA LEYENDA LARRY JOHNSON 2 -NY KNICKS S SIN COLOR;unk;S;unk;unk;unk;Unisex
MITCHELL & NES - CAMISETA LEYENDA LARRY JOHNSON 2 -NY KNICKS L SIN COLOR;unk;L;unk;unk;unk;Unisex
NIKE - BOS U NK ELT CREW NBA FNW M WHITE/CLOVER/CLUB GOLD;WHITE/CLOVER/GOLD;M;unk;unk;unk;Unisex
NIKE - BOS U NK ELT CREW NBA FNW L WHITE/CLOVER/CLUB GOLD;WHITE/CLOVER/GOLD;L;unk;unk;unk;Unisex
NIKE - BOS U NK ELT CREW NBA FNW XL WHITE/CLOVER/CLUB GOLD;WHITE/CLOVER/GOLD;XL;unk;unk;unk;Unisex
NBA JUNIOR - JUNIOR NIKE ICON SWINGMAN 76ERS BEN SIMMONS L SIN COLOR;unk;L;unk;unk;unk;Unisex
NBA JUNIOR - JUNIOR NIKE ICON SWINGMAN 76ERS BEN SIMMONS SIN COLOR M Junior;unk;M;unk;unk;unk;Unisex
NBA JUNIOR - JUNIOR NIKE ICON SWINGMAN MAVERICKS LUCA DONCIC SIN COLOR S Junior;unk;S;unk;unk;unk;Unisex
NBA JUNIOR - JUNIOR WARRIORS NIKE CURRY SIN COLOR XL Junior;unk;XL;unk;unk;unk;Unisex
NBA JUNIOR - JUNIOR SPOTLIGHT THERMA HOODIE MAVERICKS L SIN COLOR;unk;L;unk;unk;unk;Unisex
NIKE - M J SS CTN AJ85 CREW M MOON PARTICLE;unk;M;unk;unk;unk;Unisex
NIKE - PHI M NK SWGMN JSY ALT1 S UNIVERSITY RED/SIMMONS BEN;Rojo;S;unk;unk;unk;Unisex
NIKE - BKN M NK SWGMN JSY ROAD 2XL BLACK/IRVING KYRIE;BLACK;M;unk;unk;unk;Unisex
NIKE - NYK M NK DRY TEE FNW SP LGO S RUSH BLUE;BLUE;S;unk;unk;unk;Unisex
NIKE - U ELT CREW NBA CE CHI M WHITE/UNIVERSITY RED/UNIVERSITY RED;RED;M;unk;unk;unk;Unisex
NIKE - U ELT CREW NBA CE MIL M FLAT OPAL/FIR;unk;M;unk;unk;unk;Unisex
NBA JUNIOR - JUNIOR EXP MEZZO PLAYER SS TEE WARRIORS S SIN COLOR;unk;S;unk;unk;unk;Unisex
NBA JUNIOR - JUNIOR NIKE ICON SWINGMAN CLIPPERS LEONARD SIN COLOR L Junior;unk;L;unk;unk;unk;Unisex
NBA JUNIOR - JUNIOR NIKE ICON SWINGMAN CLIPPERS LEONARD SIN COLOR S Junior;unk;S;unk;unk;unk;Unisex
NBA JUNIOR - JUNIOR NIKE ICON SWINGMAN CLIPPERS LEONARD SIN COLOR M Junior;unk;M;unk;unk;unk;Unisex
NIKE - ASW M SWGMN JSY RED 20 James Harden L UNIVERSITY RED/HARDEN JAMES;RED;M;unk;unk;unk;Unisex
NIKE - ASW M SWGMN JSY RED 20 James Harden 2XL UNIVERSITY RED/HARDEN JAMES;RED;M;unk;unk;unk;Unisex
NIKE - U SNKR SOX CREW CITY EX PHX L BLUE FURY/UNIVERSITY GOLD/BLACK;GOLD/BLACK;L;unk;unk;unk;Unisex
NIKE - U SNKR SOX CREW CITY EX PHX M BLUE FURY/UNIVERSITY GOLD/BLACK;GOLD/BLACK;M;unk;unk;unk;Unisex
NIKE - U SNKR SOX CREW CITY EX PHX XL BLUE FURY/UNIVERSITY GOLD/BLACK;GOLD/BLACK;XL;unk;unk;unk;Unisex
NIKE - U SNKR SOX CREW CITY EX SAT S ACTIVE FUCHSIA/REGENCY PURPLE/BLACK;PURPLE/BLACK;S;unk;unk;unk;Unisex
5% DTO 1er Pedido! Ownat Cat Classic Kitten 4 Kg Comida para Gatos;unk;4;unk;unk;kg;Unisex
NIKE - HOU M NK TEE ES NN L UNIVERSITY RED/HARDEN JAMES;RED;M;unk;unk;unk;Unisex
NIKE - HOU M NK TEE ES NN XL UNIVERSITY RED/HARDEN JAMES;RED;M;unk;unk;unk;Unisex
NIKE - HOU M NK TEE ES NN M UNIVERSITY RED/HARDEN JAMES;RED;M;unk;unk;unk;Unisex
NIKE - LAC M NK TEE ES NN M RUSH BLUE/LEONARD KAWHI;BLUE/LEONARD KAWHI;M;unk;unk;unk;Unisex
NIKE - LAC M NK TEE ES NN S RUSH BLUE/LEONARD KAWHI;BLUE/LEONARD KAWHI;S;unk;unk;unk;Unisex
NIKE - LAC M NK SWGMN JSY ROAD L RUSH BLUE/WHITE/UNIVERSITY RED;BLUE/WHITE/RED;M;unk;unk;unk;Unisex
NIKE - Nike Short Pro Combat Hyperstrong Compression Low XXL BLACK/COOL GREY/COOL GREY;BLACK/GREY;XXL;unk;unk;unk;Unisex
NIKE - M NK DRY TOP LS HYPRELTE XL PURE PLATINUM/BLACK;PLATINUM/BLACK;M;unk;unk;unk;Unisex
NIKE - M NK DRY TOP LS HYPRELTE L PURE PLATINUM/BLACK;PLATINUM/BLACK;M;unk;unk;unk;Unisex
NIKE - M NK DRY TOP LS HYPRELTE M PURE PLATINUM/BLACK;PLATINUM/BLACK;M;unk;unk;unk;Unisex
NIKE - WC BRAZIL REPLICA JERSEY XL PINE GREEN/PLAYER 1;PINE GREEN;XL;unk;unk;unk;Unisex
NIKE - FCB REPLICA JERSEY XL LOYAL BLUE/UNIVERSITY GOLD;BLUE/UNIVERSITY GOLD;XL;unk;unk;unk;Unisex
NIKE - GSW M NK AUTH SHORT ALT1 S ANTHRACITE/AMARILLO;ANTHRACITE/AMARILLO;S;unk;unk;unk;Unisex
NIKE - OKC M NK DRY TEE ES LOGO S College Navy;navy;S;unk;unk;unk;Unisex
ADIDAS - JUNIOR TEAM REV SHO XS SIN COLOR;unk;XS;unk;unk;unk;Unisex
NIKE - HOU M NK SWGMN SHORT ROAD SIN COLOR XL;unk;M;unk;unk;unk;Unisex
NIKE - HOU M NK SWGMN SHORT ROAD SIN COLOR XXL;unk;M;unk;unk;unk;Unisex
NIKE - KAWHI LEONARD CLIPPERS STATEMENT EDITION 2020 S SIN COLOR;unk;S;unk;unk;unk;Unisex
NBA JUNIOR - JUNIOR SPOTLIGHT HD FZ NETS SIN COLOR S Junior;unk;S;unk;unk;unk;Unisex
NBA JUNIOR - JUNIOR SPOTLIGHT HD FZ NETS SIN COLOR M Junior;unk;M;unk;unk;unk;Unisex
NBA JUNIOR - JUNIOR SPOTLIGHT HD FZ LAKERS SIN COLOR S Junior;unk;S;unk;unk;unk;Unisex
NIKE - NIKE MED NON PAD BRA M Black/White;Black/White;M;unk;unk;unk;Unisex
NIKE - TOR M NK SWGMN SHORT ROAD S UNIVERSITY RED;RED;S;unk;unk;unk;Unisex
NIKE - TOR M NK SWGMN SHORT ROAD L UNIVERSITY RED;RED;M;unk;unk;unk;Unisex
Canapé De Madera Abatible Modelo Yamo. 90x190 Cambrian Canape;unk;unk;Madera Abatible;90x190;unk;unk
Canapé De Madera Abatible Modelo Yamo. 90x200 Blanco;Blanco;unk;Madera Abatible;90x200;unk;unk
Canapé De Madera Abatible Modelo Yamo. 90x200 Cambrian Canape;unk;unk;Madera Abatible;90x200;unk;unk
Canape Madera Abatible Modelo Turia 105x190 Cambrian Canape;unk;unk;Madera Abatible;105x190;unk;unk
Canape Madera Abatible Modelo Turia 135x190 Blanco;Blanco;unk;Madera Abatible;135x190;unk;unk
Canape Madera Abatible Modelo Turia 135x200 Wengué;unk;unk;Madera Abatible;135x200;unk;unk
Canape Madera Abatible Modelo Turia 150x180 Blanco;Blanco;unk;Madera Abatible;150x180;unk;unk
Canapé De Madera Abatible Modelo Yamo. 150x190 Blanco;Blanco;unk;Madera Abatible;150x190;unk;unk
Base Tapizada Modelo Valencia 80x180 Beige;Beige;unk;Tapizado;80x180;unk;unk
Base Tapizada Modelo Valencia 80x180 Chocolate;Chocolate;unk;Tapizado;80x180;unk;unk
Base Tapizada Modelo Valencia 150x190 Beige;Beige;unk;Tapizado;150x190;unk;unk
Base Tapizada Modelo Valencia 150x190 Chocolate;Chocolate;unk;Tapizado;150x190;unk;unk
Canapé Fijo Modelo Nordico 135x200 Negro;negro;unk;unk;135x200;unk;unk
Canapé Fijo Modelo Nordico 150x190 Blanco;Blanco;unk;unk;150x190;unk;unk
Canapé Con Cajones Frontales En Madera Ivi 180x190 Wengué;unk;unk;Madera Ivi;180x190;unk;unk
Canapé Con Cajones Frontales En Madera Ivi 135x190 Wengué;unk;unk;Madera Ivi;135x190;unk;unk
Canapé Con Cajones Frontales En Madera Ivi 135x200 Nórdico;unk;unk;Madera Ivi;135x200;unk;unk
Canapé Con Cajones Frontales En Madera Ivi 135x200 Tropic;unk;unk;Madera Ivi;135x200;unk;unk
Canapé Con Cajones Frontales En Madera Ivi 150x190 Blanco;Blanco;unk;Madera Ivi;150x190;unk;unk
Canapé Con Cajones Frontales En Madera Ivi 150x200 Wengué;unk;unk;Madera Ivi;150x200;unk;unk
Canapé Con Cajones Frontales En Madera Ivi 180x190 Tropic;unk;unk;Madera Ivi;200x190;unk;unk
Canape  De Madera Abatible Lateral Modelo Logan 90x200 Nórdico;unk;unk;Madera Abatible;90x200;unk;unk
Canape  De Madera Abatible Lateral Modelo Logan 105x190 Blanco;Blanco;unk;Madera Abatible;105x190;unk;unk
Canape Con Zapatero Mod Silva 135x190 Blanco;Blanco;unk;Roble;135x190;unk;unk
Canape Con Zapatero Mod Silva 135x190 Roble Hernaval;unk;unk;Roble;135x190;unk;unk
Canape Con Zapatero Mod Silva 135x200 Roble Hernaval;unk;unk;Roble;135x200;unk;unk
Canape Con Zapatero Mod Silva 150x190 Nórdico;unk;unk;unk;150x190;unk;unk
Canape Con Zapatero Mod Silva 180x200 Rústico;unk;unk;unk;180x200;unk;unk
Canape Con Zapatero Mod Silva 200X200 Tropic;unk;unk;unk;200x200;unk;unk
Canapé Con Dos Cajones Laterales Y Hueco Mod Goiko 135x200 Wengué;unk;unk;unk;135x200;unk;unk
Canapé Con Dos Cajones Laterales Y Hueco Mod Goiko 160x200 Tropic;unk;unk;unk;160x200;unk;unk
Canapé Con Dos Cajones Laterales Y Hueco Mod Goiko 160x200 Wengué;unk;unk;unk;160x200;unk;unk
Canapé Polipiel Partido Abatible Mod Martín 90x200x20 Rojo;Rojo;unk;Polipiel;90x200x20;unk;unk
Canapé Polipiel Partido Abatible Mod Martín 105x190 Beige;Beige;unk;Polipiel;105x190;unk;unk
Canapé Polipiel Partido Abatible Mod Martín 105x190 Pistacho;Pistacho;unk;Polipiel;105x190;unk;unk
Canapé Polipiel Partido Abatible Mod Martín 135x190 Simil Piel Chocolate;Chocolate;unk;Polipiel;135x190;unk;unk
Canapé Polipiel Partido Abatible Mod Martín 135x190 Negro;Negro;unk;Polipiel;135x190;unk;unk
Canapé Polipiel Partido Abatible Mod Martín 150x190 Simil Piel Chocolate;Chocolate;unk;Polipiel;150x190;unk;unk
Canapé Polipiel Partido Abatible Mod Martín 150x200 Rojo;Rojo;unk;Polipiel;150x200;unk;unk
Canapé Polipiel Partido Abatible Mod Martín 180x200 Pistacho;Pistacho;unk;Polipiel;180x200;unk;unk
Canapé Polipiel Partido Abatible Mod Martín 200X200 Pistacho;Pistacho;unk;Polipiel;200x200;unk;unk
Canape De Madera Adela De Cuatro Cajones Y Tapa. 135x190 Roble Hernaval;unk;unk;Madera adela/Roble;135x190;unk;unk
Canape De Madera Adela De Cuatro Cajones Y Tapa. 135x190 Tropic;unk;unk;Madera adela;135x190;unk;unk
Canape De Madera Adela De Cuatro Cajones Y Tapa. 135x200 Roble Hernaval;unk;unk;Madera adela/Roble;135x200;unk;unk
Canape De Madera Adela De Cuatro Cajones Y Tapa. 150x190 Wengué;unk;unk;Madera adela;150x190;unk;unk
Canape De Madera Adela De Cuatro Cajones Y Tapa. 150x200 Roble Hernaval;unk;unk;Madera adela/Roble;150x200;unk;unk
Canape De Madera Adela De Cuatro Cajones Y Tapa. 200X200 Wengué;unk;unk;Madera adela;200x200;unk;unk
Canapé Articulado De Madera Mod Asier 160x190 Blanco;Blanco;unk;Madera;160x190;unk;unk
Tom Ford Noir For Men - 100 ML  Eau de Parfum  Perfumes Hombre;unk;100;unk;unk;ml;unk
Maleta Mediana Rígida Infantil Juvenil 4 Ruedas Estampada STARS rosa Mediana;rosa;Mediana;Estampado stars;unk;unk;unk
Maleta Cabina 2 Ruedas Ultraligera Con Bolsillos Frontales CASSLEY rojo Cabina;Rojo;Cabina;unk;unk;unk;unk
Maleta De Viaje Mediana Rígida 4 Ruedas Cierre Contraseña TIBER verde Mediana;Verde;Mediana;unk;unk;unk;unk
Maleta De Viaje Mediana Rígida 4 Ruedas Cierre Contraseña TIBER plateado Mediana;plateado;Mediana;unk;unk;unk;unk
Maleta mediana 2 ruedas - Transportador multicolor Mediana;Multicolor;Mediana;unk;unk;unk;unk
Maleta De Viaje Mediana Trolley rojo Mediana;Rojo;Mediana;unk;unk;unk;unk
Maleta De Viaje Mediana Trolley amarillo Mediana;Amarillo;Mediana;unk;unk;unk;unk
Maleta De Viaje Mediana Trolley azul Mediana;Azul;Mediana;unk;unk;unk;unk
Maleta De Viaje Mediana Trolley negro Mediana;Negro;Mediana;unk;unk;unk;unk
Maleta De Viaje Mediana 4 Ruedas Rígida Trolley Extensible multicolor Mediana;Multicolor;Mediana;unk;unk;unk;unk
Maleta De Viaje Mediana 4 Ruedas Rígida Trolley Extensible multicolor Mediana;Multicolor;Mediana;unk;unk;unk;unk
Maleta Grande De Viaje 4 Ruedas Trolley Extensible Rígida rosa Grande;rosa;Grande;unk;unk;unk;unk
Maleta Grande De Viaje 4 Ruedas Trolley Extensible Rígida amarillo Grande;Amarillo;Grande;unk;unk;unk;unk
Maleta Grande De Viaje 4 Ruedas Trolley Extensible Rígida multicolor Grande;Multicolor;Grande;unk;unk;unk;unk
Maleta De Viaje Grande 4 Ruedas Rígida azul Grande;Azul;Grande;unk;unk;unk;unk
Maleta De Viaje Grande 4 Ruedas Rígida naranja Grande;Naranja;Grande;unk;unk;unk;unk
Maleta Infantil Cabina De Viaje 4 Ruedas Trolley Estampado Lunares. azul Cabina;Azul;Cabina;Estampado lunares;unk;unk;unk